PROC_COD,TYPE_OUTPAT
91.90.2,CLIN
91.90.3,CLIN
91.90.4,CLIN
91.90.5,CLIN
91.90.6,CLIN
91.90.7,CLIN
91.90.8,CLIN
92.29.9,CLIN
99.82,CLIN
99.82.1,CLIN
C.02,CLIN
C.03,CLIN
C.04,CLIN
C.05,CLIN
C.06,CLIN
T.01,CLIN
T.02,CLIN
T.03,CLIN
89.01,CLIN
89.03,CLIN
89.07,CLIN
89.13,CLIN
89.26,CLIN
38.22,CLIN
38.22.1,CLIN
89.39.1,CLIN
89.39.2,CLIN
89.39.3,CLIN
89.39.4,CLIN
89.7,CLIN
86.19.1,CLIN
86.19.2,CLIN
86.19.3,CLIN
86.19.4,CLIN
93.01.5,CLIN
93.07.1,CLIN
93.18.1,CLIN
93.18.2,CLIN
93.29,CLIN
93.36,CLIN
93.37,CLIN
93.39.2,CLIN
93.39.5,CLIN
93.46,CLIN
93.49.2,CLIN
90.70.3,CLIN
90.78.1,CLIN
93.59.1,CLIN
93.82.1,CLIN
93.82.2,CLIN
93.89.5,CLIN
93.89.6,CLIN
93.94,CLIN
93.99,CLIN
93.99.1,CLIN
94.01.1,CLIN
94.01.2,CLIN
94.02.1,CLIN
94.02.2,CLIN
94.08.1,CLIN
94.08.2,CLIN
94.08.3,CLIN
94.08.4,CLIN
94.08.5,CLIN
94.08.6,CLIN
94.09,CLIN
94.12.1,CLIN
94.19.1,CLIN
94.3,CLIN
94.32,CLIN
94.42,CLIN
94.44,CLIN
95.01,CLIN
95.02,CLIN
96.61,CLIN
97.1,CLIN
97.88,CLIN
99.12,CLIN
99.13,CLIN
99.15.1,CLIN
99.29.7,CLIN
91.90.1,CLIN
92.18.2,IMAG
92.18.3,IMAG
92.18.4,IMAG
92.18.5,IMAG
92.18.6,IMAG
92.19.1,IMAG
92.19.2,IMAG
92.19.3,IMAG
92.19.5,IMAG
92.19.6,IMAG
92.19.7,IMAG
92.19.8,IMAG
87.99.1,IMAG
87.99.2,IMAG
88.01.1,IMAG
88.01.2,IMAG
88.01.3,IMAG
88.01.4,IMAG
88.01.5,IMAG
88.01.6,IMAG
88.03.1,IMAG
88.04,IMAG
88.19,IMAG
88.21,IMAG
88.22,IMAG
88.23,IMAG
88.25,IMAG
88.26,IMAG
92.01.1,IMAG
92.01.2,IMAG
92.01.3,IMAG
92.01.4,IMAG
92.02.1,IMAG
92.02.2,IMAG
92.02.3,IMAG
92.02.4,IMAG
92.02.5,IMAG
92.03.1,IMAG
92.03.2,IMAG
92.03.3,IMAG
92.03.4,IMAG
92.03.5,IMAG
92.04.1,IMAG
92.04.2,IMAG
92.04.3,IMAG
92.04.4,IMAG
92.04.5,IMAG
92.05.1,IMAG
92.05.2,IMAG
92.05.3,IMAG
92.05.4,IMAG
92.05.5,IMAG
92.05.6,IMAG
92.09.1,IMAG
92.09.2,IMAG
92.09.3,IMAG
92.09.4,IMAG
92.09.5,IMAG
92.09.6,IMAG
92.09.7,IMAG
92.11.1,IMAG
92.11.2,IMAG
92.11.5,IMAG
92.11.6,IMAG
92.11.7,IMAG
92.13,IMAG
92.14.1,IMAG
92.14.2,IMAG
92.14.3,IMAG
92.15.1,IMAG
92.15.2,IMAG
92.15.3,IMAG
92.15.4,IMAG
92.15.5,IMAG
92.16.1,IMAG
92.18.1,IMAG
87.07,IMAG
87.09.1,IMAG
87.09.2,IMAG
87.11.1,IMAG
87.11.2,IMAG
87.11.3,IMAG
87.11.4,IMAG
87.12.1,IMAG
87.12.2,IMAG
87.13.1,IMAG
87.13.2,IMAG
87.16.1,IMAG
87.16.2,IMAG
87.16.3,IMAG
87.16.4,IMAG
87.17.1,IMAG
87.17.2,IMAG
87.17.3,IMAG
87.22,IMAG
87.23,IMAG
87.24,IMAG
87.29,IMAG
87.35,IMAG
87.37.1,IMAG
87.37.2,IMAG
87.37.3,IMAG
87.38,IMAG
87.41,IMAG
87.41.1,IMAG
87.42.1,IMAG
87.42.2,IMAG
87.42.3,IMAG
87.43.1,IMAG
87.43.2,IMAG
87.44.1,IMAG
87.44.2,IMAG
87.49.1,IMAG
87.52,IMAG
87.54.1,IMAG
87.59.1,IMAG
87.61,IMAG
87.62,IMAG
87.62.1,IMAG
87.62.2,IMAG
87.62.3,IMAG
87.63,IMAG
87.64,IMAG
87.65.1,IMAG
87.65.2,IMAG
87.65.3,IMAG
87.66,IMAG
87.69.1,IMAG
87.72,IMAG
87.73,IMAG
87.74.1,IMAG
87.74.2,IMAG
87.75.1,IMAG
87.76,IMAG
87.76.1,IMAG
87.77,IMAG
87.77.1,IMAG
87.79.1,IMAG
87.83,IMAG
87.89.1,IMAG
88.90.3,IMAG
88.90.4,IMAG
88.91.1,IMAG
88.91.2,IMAG
88.91.3,IMAG
88.91.4,IMAG
88.91.5,IMAG
88.91.6,IMAG
88.91.7,IMAG
88.91.8,IMAG
88.91.A,IMAG
88.91.B,IMAG
88.91.C,IMAG
88.92,IMAG
88.92.1,IMAG
88.92.2,IMAG
88.92.3,IMAG
88.92.4,IMAG
88.92.5,IMAG
88.92.6,IMAG
88.92.7,IMAG
88.92.8,IMAG
88.92.9,IMAG
88.93,IMAG
88.93.1,IMAG
88.94.1,IMAG
88.94.2,IMAG
88.94.3,IMAG
88.95.1,IMAG
88.95.2,IMAG
88.95.3,IMAG
88.95.4,IMAG
88.95.5,IMAG
88.95.6,IMAG
88.97.1,IMAG
88.97.2,IMAG
88.97.3,IMAG
88.99.1,IMAG
88.99.2,IMAG
88.99.3,IMAG
88.99.4,IMAG
88.99.5,IMAG
89.58.1,IMAG
89.58.2,IMAG
89.58.3,IMAG
89.58.4,IMAG
89.58.5,IMAG
89.58.6,IMAG
89.58.7,IMAG
89.58.8,IMAG
87.03,IMAG
87.03.1,IMAG
87.03.2,IMAG
87.03.3,IMAG
87.03.4,IMAG
87.03.5,IMAG
87.03.6,IMAG
87.03.7,IMAG
87.03.8,IMAG
87.03.9,IMAG
87.04.1,IMAG
87.05,IMAG
87.06,IMAG
87.06.1,IMAG
88.27,IMAG
88.28,IMAG
88.29.1,IMAG
88.29.2,IMAG
88.31,IMAG
88.31.1,IMAG
88.32,IMAG
88.33.1,IMAG
88.33.2,IMAG
88.35.1,IMAG
88.37.1,IMAG
88.38.1,IMAG
88.38.2,IMAG
88.38.3,IMAG
88.38.4,IMAG
88.38.5,IMAG
88.38.6,IMAG
88.38.7,IMAG
88.38.8,IMAG
88.39.1,IMAG
88.39.5,IMAG
88.42.1,IMAG
88.42.2,IMAG
88.48,IMAG
88.60.1,IMAG
88.61.1,IMAG
88.61.2,IMAG
88.63.1,IMAG
88.63.2,IMAG
88.65.1,IMAG
88.65.2,IMAG
88.65.3,IMAG
88.66.1,IMAG
88.66.2,IMAG
88.71.1,IMAG
88.71.2,IMAG
88.71.3,IMAG
88.71.4,IMAG
88.73.1,IMAG
88.73.2,IMAG
88.73.3,IMAG
88.73.4,IMAG
88.73.5,IMAG
88.74.1,IMAG
88.75.1,IMAG
88.76.1,IMAG
88.77.1,IMAG
88.77.2,IMAG
88.77.3,IMAG
88.78,IMAG
88.78.1,IMAG
88.78.2,IMAG
88.79.1,IMAG
88.79.2,IMAG
88.79.3,IMAG
88.79.5,IMAG
88.79.6,IMAG
88.79.7,IMAG
88.79.8,IMAG
88.83.1,IMAG
88.85,IMAG
88.89,IMAG
88.90.1,IMAG
88.90.2,IMAG
89.04.1,LAB
45.29.1,LAB
45.29.2,LAB
45.29.3,LAB
64.19.2,LAB
44.19.2,LAB
90.47.4,LAB
90.47.5,LAB
90.47.6,LAB
90.47.7,LAB
90.48.1,LAB
90.48.2,LAB
90.48.3,LAB
90.48.4,LAB
90.48.5,LAB
90.49.1,LAB
90.49.2,LAB
90.49.3,LAB
90.49.4,LAB
90.49.5,LAB
90.49.6,LAB
89.65.1,LAB
89.66,LAB
90.01.1,LAB
90.01.2,LAB
90.01.3,LAB
90.01.4,LAB
90.01.5,LAB
90.02.1,LAB
90.02.2,LAB
90.02.3,LAB
90.02.4,LAB
90.02.5,LAB
90.03.1,LAB
90.03.2,LAB
90.03.3,LAB
90.03.4,LAB
90.03.5,LAB
90.04.1,LAB
90.04.2,LAB
90.04.3,LAB
90.04.4,LAB
90.04.5,LAB
90.05.1,LAB
90.05.2,LAB
90.05.3,LAB
90.05.4,LAB
90.05.5,LAB
90.06.1,LAB
90.06.2,LAB
90.06.3,LAB
90.06.4,LAB
90.06.5,LAB
90.06.7,LAB
90.07.1,LAB
90.07.2,LAB
90.07.3,LAB
90.07.4,LAB
90.07.5,LAB
90.07.6,LAB
90.08.1,LAB
90.08.2,LAB
90.08.3,LAB
90.08.4,LAB
90.08.5,LAB
90.08.6,LAB
90.09.1,LAB
90.09.2,LAB
90.09.3,LAB
90.09.4,LAB
90.09.5,LAB
90.10.1,LAB
90.10.2,LAB
90.10.3,LAB
90.10.4,LAB
90.10.5,LAB
90.10.6,LAB
90.11.1,LAB
90.11.2,LAB
90.11.3,LAB
90.11.4,LAB
90.11.5,LAB
90.11.6,LAB
90.12.1,LAB
90.12.2,LAB
90.12.3,LAB
90.12.4,LAB
90.12.5,LAB
90.13.1,LAB
90.13.2,LAB
90.86.3,LAB
90.86.4,LAB
90.86.8,LAB
90.87.1,LAB
90.87.3,LAB
90.88.5,LAB
90.88.6,LAB
90.89.3,LAB
90.89.5,LAB
90.90.3,LAB
90.91.4,LAB
90.92.4,LAB
90.93.3,LAB
90.93.4,LAB
90.93.5,LAB
90.93.6,LAB
90.94.1,LAB
90.94.2,LAB
90.94.3,LAB
90.94.5,LAB
90.94.6,LAB
90.95.1,LAB
90.95.3,LAB
90.96.5,LAB
90.97.2,LAB
90.97.3,LAB
90.98.4,LAB
90.98.5,LAB
91.01.1,LAB
91.01.2,LAB
91.02.2,LAB
91.02.4,LAB
91.03.5,LAB
91.04.1,LAB
91.04.5,LAB
91.05.2,LAB
91.05.6,LAB
91.05.7,LAB
91.05.8,LAB
91.05.9,LAB
91.06.7,LAB
91.06.8,LAB
91.08.1,LAB
91.08.4,LAB
91.08.5,LAB
91.09.1,LAB
91.09.2,LAB
91.09.3,LAB
91.10.3,LAB
91.10.6,LAB
91.11.1,LAB
91.11.2,LAB
91.11.3,LAB
91.11.5,LAB
91.12.1,LAB
91.12.2,LAB
91.13.2,LAB
91.13.3,LAB
91.13.7,LAB
91.14.5,LAB
91.14.6,LAB
91.14.7,LAB
91.14.8,LAB
91.14.9,LAB
91.15.6,LAB
91.15.7,LAB
91.15.8,LAB
91.15.9,LAB
91.16.6,LAB
91.16.7,LAB
69.92.1,LAB
90.49.7,LAB
90.50.1,LAB
90.50.2,LAB
90.50.3,LAB
90.50.4,LAB
90.50.5,LAB
90.51.1,LAB
90.51.2,LAB
90.51.3,LAB
90.51.4,LAB
90.51.5,LAB
90.52.1,LAB
90.52.2,LAB
90.52.3,LAB
90.52.4,LAB
90.52.5,LAB
90.53.1,LAB
90.53.2,LAB
90.53.3,LAB
90.53.4,LAB
90.53.5,LAB
90.53.6,LAB
90.54.1,LAB
90.54.2,LAB
90.54.3,LAB
90.54.4,LAB
90.54.5,LAB
90.55.1,LAB
90.55.2,LAB
90.55.3,LAB
90.55.4,LAB
90.55.5,LAB
90.56.1,LAB
90.56.2,LAB
90.56.3,LAB
90.56.4,LAB
90.56.5,LAB
90.57.1,LAB
90.57.2,LAB
90.57.3,LAB
90.57.4,LAB
90.57.5,LAB
90.57.6,LAB
90.58.1,LAB
90.58.2,LAB
90.58.3,LAB
90.58.4,LAB
90.58.5,LAB
90.59.1,LAB
90.59.2,LAB
90.59.3,LAB
90.59.4,LAB
90.60.1,LAB
90.60.2,LAB
90.60.3,LAB
90.60.4,LAB
90.60.5,LAB
90.61.1,LAB
90.61.2,LAB
90.61.3,LAB
90.61.4,LAB
90.61.5,LAB
90.62.1,LAB
90.62.2,LAB
90.62.3,LAB
90.62.4,LAB
90.62.5,LAB
90.63.1,LAB
90.63.2,LAB
90.63.3,LAB
90.63.4,LAB
90.63.5,LAB
90.64.1,LAB
90.64.2,LAB
90.64.3,LAB
90.64.4,LAB
90.64.5,LAB
90.65.1,LAB
90.65.2,LAB
90.65.3,LAB
90.65.4,LAB
90.66.1,LAB
90.66.2,LAB
90.66.3,LAB
90.66.4,LAB
90.66.5,LAB
90.67.1,LAB
90.67.2,LAB
90.67.3,LAB
90.67.4,LAB
90.67.5,LAB
90.67.6,LAB
90.68.1,LAB
90.13.3,LAB
90.13.4,LAB
90.13.5,LAB
90.14.1,LAB
90.14.2,LAB
90.14.3,LAB
90.14.4,LAB
90.14.5,LAB
90.15.1,LAB
90.15.2,LAB
90.15.3,LAB
90.15.4,LAB
90.15.5,LAB
90.15.6,LAB
90.16.1,LAB
90.16.2,LAB
90.16.3,LAB
90.16.4,LAB
90.16.5,LAB
90.17.1,LAB
90.17.2,LAB
90.17.3,LAB
90.17.4,LAB
90.17.5,LAB
90.17.6,LAB
90.18.1,LAB
90.18.2,LAB
90.18.3,LAB
90.18.4,LAB
90.18.5,LAB
90.18.6,LAB
90.18.7,LAB
90.18.8,LAB
90.19.1,LAB
90.19.2,LAB
90.19.3,LAB
90.19.4,LAB
90.19.5,LAB
90.20.1,LAB
90.20.2,LAB
90.20.3,LAB
90.20.4,LAB
90.20.5,LAB
90.21.1,LAB
90.21.2,LAB
90.21.3,LAB
90.21.4,LAB
90.21.5,LAB
90.21.6,LAB
90.21.7,LAB
90.22.1,LAB
90.22.2,LAB
90.22.3,LAB
90.22.4,LAB
90.22.5,LAB
90.23.1,LAB
90.23.2,LAB
90.23.3,LAB
90.23.4,LAB
90.23.5,LAB
90.24.1,LAB
90.24.2,LAB
90.24.3,LAB
90.24.4,LAB
90.24.5,LAB
90.25.1,LAB
90.25.2,LAB
90.25.3,LAB
90.25.4,LAB
90.25.5,LAB
90.26.1,LAB
90.26.2,LAB
90.26.3,LAB
90.26.4,LAB
90.27.1,LAB
90.27.2,LAB
90.27.3,LAB
90.27.4,LAB
90.27.5,LAB
90.28.1,LAB
90.28.2,LAB
90.28.3,LAB
90.28.4,LAB
90.28.5,LAB
90.29.1,LAB
90.29.2,LAB
90.29.3,LAB
90.29.4,LAB
90.29.5,LAB
90.29.6,LAB
90.30.1,LAB
90.30.2,LAB
90.30.3,LAB
90.30.4,LAB
90.30.5,LAB
90.31.1,LAB
90.31.2,LAB
90.31.3,LAB
90.31.4,LAB
90.31.5,LAB
90.32.1,LAB
90.32.2,LAB
90.32.3,LAB
90.32.4,LAB
90.32.5,LAB
90.33.1,LAB
90.33.2,LAB
90.33.3,LAB
90.33.4,LAB
91.16.8,LAB
91.16.9,LAB
91.17.1,LAB
91.17.2,LAB
91.17.3,LAB
91.17.4,LAB
91.17.5,LAB
91.18.1,LAB
91.18.2,LAB
91.18.3,LAB
91.19.2,LAB
91.19.3,LAB
91.19.4,LAB
91.19.5,LAB
91.20.1,LAB
91.20.2,LAB
91.20.3,LAB
91.20.4,LAB
91.20.5,LAB
91.21.3,LAB
91.21.4,LAB
91.22.1,LAB
91.22.2,LAB
91.22.3,LAB
91.22.4,LAB
91.22.5,LAB
91.22.6,LAB
91.23.1,LAB
91.23.2,LAB
91.23.3,LAB
91.23.4,LAB
91.23.5,LAB
91.24.1,LAB
91.24.2,LAB
91.26.3,LAB
91.27.5,LAB
91.27.6,LAB
91.27.7,LAB
91.28.1,LAB
91.28.2,LAB
91.28.3,LAB
91.28.4,LAB
91.28.5,LAB
91.29.1,LAB
91.29.2,LAB
91.29.3,LAB
90.68.2,LAB
90.68.3,LAB
90.68.4,LAB
90.68.5,LAB
90.68.6,LAB
90.68.7,LAB
90.68.8,LAB
90.69.1,LAB
90.69.2,LAB
90.69.3,LAB
90.69.4,LAB
90.69.5,LAB
90.70.1,LAB
90.70.2,LAB
90.70.4,LAB
90.70.5,LAB
90.71.1,LAB
90.71.2,LAB
90.71.3,LAB
90.71.4,LAB
90.71.5,LAB
90.72.1,LAB
90.72.2,LAB
90.72.3,LAB
90.72.4,LAB
90.72.5,LAB
90.73.1,LAB
90.73.2,LAB
90.73.3,LAB
90.73.4,LAB
90.73.5,LAB
90.74.1,LAB
90.74.2,LAB
90.74.3,LAB
90.74.4,LAB
90.74.5,LAB
90.75.1,LAB
90.75.2,LAB
90.75.3,LAB
90.75.4,LAB
90.75.5,LAB
90.76.1,LAB
90.76.2,LAB
90.76.3,LAB
90.76.4,LAB
90.76.5,LAB
90.76.6,LAB
90.77.1,LAB
90.77.2,LAB
90.77.3,LAB
90.77.4,LAB
90.77.5,LAB
90.78.2,LAB
90.78.3,LAB
90.78.4,LAB
90.78.5,LAB
90.78.6,LAB
90.79.1,LAB
90.79.2,LAB
90.79.3,LAB
90.79.4,LAB
90.79.5,LAB
90.80.1,LAB
90.80.2,LAB
90.80.3,LAB
90.80.4,LAB
90.80.5,LAB
90.33.5,LAB
90.33.6,LAB
90.34.1,LAB
90.34.2,LAB
90.34.3,LAB
90.34.4,LAB
90.34.5,LAB
90.35.1,LAB
90.35.2,LAB
90.35.3,LAB
90.35.4,LAB
90.35.5,LAB
90.36.1,LAB
90.36.2,LAB
90.36.3,LAB
90.36.4,LAB
90.36.5,LAB
90.36.6,LAB
90.37.1,LAB
90.37.2,LAB
90.37.3,LAB
90.37.4,LAB
90.37.5,LAB
90.38.1,LAB
90.38.2,LAB
90.38.3,LAB
90.38.4,LAB
90.38.5,LAB
90.39.1,LAB
90.39.2,LAB
90.39.3,LAB
90.39.4,LAB
90.39.5,LAB
90.40.1,LAB
90.40.2,LAB
90.40.3,LAB
90.40.4,LAB
90.40.5,LAB
90.40.6,LAB
90.40.7,LAB
90.41.1,LAB
90.41.2,LAB
90.41.3,LAB
90.41.4,LAB
90.41.5,LAB
90.41.6,LAB
90.42.1,LAB
90.42.2,LAB
90.42.3,LAB
90.42.4,LAB
90.42.5,LAB
90.42.6,LAB
90.43.1,LAB
90.43.2,LAB
90.43.3,LAB
90.43.4,LAB
90.43.5,LAB
90.43.6,LAB
90.44.1,LAB
90.44.2,LAB
90.44.3,LAB
90.44.4,LAB
90.44.5,LAB
90.45.1,LAB
90.45.2,LAB
90.45.3,LAB
90.45.4,LAB
90.45.5,LAB
90.46.3,LAB
90.46.4,LAB
90.46.5,LAB
90.47.1,LAB
90.47.2,LAB
90.47.3,LAB
90.81.1,LAB
90.81.2,LAB
90.81.3,LAB
90.81.4,LAB
90.81.5,LAB
90.82.1,LAB
90.82.2,LAB
90.82.3,LAB
90.82.4,LAB
90.82.5,LAB
90.83.1,LAB
90.83.2,LAB
90.83.4,LAB
90.83.5,LAB
90.84.1,LAB
90.84.3,LAB
90.85.2,LAB
90.85.4,LAB
90.85.5,LAB
90.85.6,LAB
90.85.7,LAB
90.85.8,LAB
90.86.2,LAB
91.29.4,LAB
91.29.5,LAB
91.30.1,LAB
91.30.2,LAB
91.30.3,LAB
91.30.4,LAB
91.30.5,LAB
91.31.1,LAB
91.31.2,LAB
91.31.3,LAB
91.31.4,LAB
91.31.5,LAB
91.32.1,LAB
91.32.2,LAB
91.32.3,LAB
91.32.4,LAB
91.32.5,LAB
91.33.1,LAB
91.33.2,LAB
91.33.3,LAB
91.33.4,LAB
91.33.5,LAB
91.34.1,LAB
91.34.2,LAB
91.34.3,LAB
91.34.4,LAB
91.34.5,LAB
91.35.1,LAB
91.35.2,LAB
91.35.3,LAB
91.35.4,LAB
91.35.5,LAB
91.36.1,LAB
91.36.2,LAB
91.36.3,LAB
91.36.4,LAB
91.36.5,LAB
91.37.1,LAB
91.37.2,LAB
91.37.3,LAB
91.37.4,LAB
91.37.5,LAB
91.38.1,LAB
91.38.2,LAB
91.38.3,LAB
91.38.4,LAB
91.38.5,LAB
91.39.1,LAB
91.39.2,LAB
91.39.3,LAB
91.39.4,LAB
91.39.5,LAB
91.40.1,LAB
91.40.2,LAB
91.40.3,LAB
91.40.4,LAB
91.40.5,LAB
91.41.1,LAB
91.41.2,LAB
91.41.3,LAB
91.41.4,LAB
91.41.5,LAB
91.42.1,LAB
91.42.2,LAB
91.42.3,LAB
91.42.4,LAB
91.42.5,LAB
91.43.1,LAB
91.43.2,LAB
91.43.3,LAB
91.43.4,LAB
91.43.5,LAB
91.44.1,LAB
91.44.2,LAB
91.44.3,LAB
91.44.4,LAB
91.44.5,LAB
91.45.1,LAB
91.45.2,LAB
91.45.3,LAB
91.45.4,LAB
91.45.5,LAB
91.46.1,LAB
91.46.2,LAB
91.46.3,LAB
91.46.4,LAB
91.46.5,LAB
91.47.1,LAB
91.47.2,LAB
91.47.3,LAB
91.47.4,LAB
91.47.5,LAB
91.48.1,LAB
91.48.2,LAB
91.48.3,LAB
91.48.4,LAB
91.48.5,LAB
91.49.1,LAB
91.49.2,LAB
91.49.3,LAB
91.50.1,LAB
91.50.2,LAB
91.50.3,LAB
91.50.4,LAB
91.50.5,LAB
91.50.6,LAB
91.50.7,LAB
91.50.8,LAB
91.50.9,LAB
91.51.1,LAB
91.51.2,LAB
91.51.3,LAB
91.51.4,LAB
91.51.5,LAB
91.51.6,LAB
91.51.7,LAB
91.51.8,LAB
91.51.9,LAB
91.52.1,LAB
91.52.2,LAB
91.52.3,LAB
91.52.4,LAB
91.52.5,LAB
91.52.6,LAB
91.52.7,LAB
91.52.8,LAB
91.52.9,LAB
91.53.1,LAB
91.53.2,LAB
91.53.3,LAB
91.53.4,LAB
91.53.5,LAB
91.53.6,LAB
91.53.7,LAB
91.53.8,LAB
91.53.9,LAB
91.54.1,LAB
91.54.2,LAB
91.54.3,LAB
91.54.4,LAB
91.54.5,LAB
99.88,LAB
89.15.2,INSTR
89.15.3,INSTR
89.15.4,INSTR
89.15.5,INSTR
89.15.6,INSTR
89.15.7,INSTR
89.15.8,INSTR
89.15.9,INSTR
89.17,INSTR
89.18.1,INSTR
89.18.2,INSTR
89.19.1,INSTR
89.19.2,INSTR
89.22,INSTR
89.24,INSTR
89.25,INSTR
89.32,INSTR
89.32.1,INSTR
89.37.1,INSTR
89.37.2,INSTR
89.37.3,INSTR
89.37.4,INSTR
89.37.5,INSTR
89.37.6,INSTR
89.38.1,INSTR
89.38.2,INSTR
89.38.3,INSTR
89.38.4,INSTR
89.38.5,INSTR
89.38.6,INSTR
89.38.7,INSTR
45.24.1,INSTR
45.25,INSTR
45.25.1,INSTR
45.29.4,INSTR
45.42,INSTR
45.42.1,INSTR
45.43.1,INSTR
46.85,INSTR
48.23,INSTR
48.24,INSTR
48.29.1,INSTR
48.35,INSTR
43.41.1,INSTR
43.41.2,INSTR
44.19.1,INSTR
45.13,INSTR
45.16,INSTR
45.23,INSTR
45.23.1,INSTR
45.23.2,INSTR
45.23.3,INSTR
45.24,INSTR
89.38.8,INSTR
89.38.9,INSTR
89.39.5,INSTR
89.41,INSTR
89.42,INSTR
89.43,INSTR
89.44,INSTR
89.44.1,INSTR
89.44.2,INSTR
89.48.1,INSTR
89.5,INSTR
89.52,INSTR
89.54,INSTR
89.59.1,INSTR
89.61.1,INSTR
89.65.2,INSTR
89.65.3,INSTR
89.65.4,INSTR
89.65.5,INSTR
89.65.6,INSTR
75.34.1,INSTR
68.12.1,INSTR
31.42,INSTR
31.42.1,INSTR
31.42.2,INSTR
31.43,INSTR
31.48.1,INSTR
31.48.2,INSTR
33.22,INSTR
33.24,INSTR
49.21,INSTR
49.31,INSTR
56.31,INSTR
57.32,INSTR
57.33,INSTR
57.39.1,INSTR
57.39.2,INSTR
58.22,INSTR
64.19.1,INSTR
88.72.1,INSTR
88.72.2,INSTR
88.72.3,INSTR
88.72.4,INSTR
88.72.5,INSTR
88.79.4,INSTR
89.11,INSTR
89.12,INSTR
89.14,INSTR
89.14.1,INSTR
89.14.2,INSTR
89.14.3,INSTR
89.14.4,INSTR
89.14.5,INSTR
89.15.1,INSTR
98.03,INSTR
98.05,INSTR
98.15,INSTR
98.18,INSTR
20.31,INSTR
20.39.1,INSTR
95.13.2,INSTR
95.14,INSTR
95.15,INSTR
95.17,INSTR
95.2,INSTR
95.21,INSTR
95.22,INSTR
95.23,INSTR
95.23.1,INSTR
95.24.1,INSTR
95.24.2,INSTR
95.25,INSTR
95.26,INSTR
95.35,INSTR
95.41.1,INSTR
95.41.2,INSTR
95.41.3,INSTR
95.41.4,INSTR
95.42,INSTR
95.43,INSTR
95.44.1,INSTR
95.44.2,INSTR
95.45,INSTR
95.46,INSTR
95.47,INSTR
95.48.1,INSTR
95.48.2,INSTR
95.48.3,INSTR
95.48.4,INSTR
95.49,INSTR
9.19,INSTR
95.03.1,INSTR
95.05,INSTR
95.06,INSTR
95.07,INSTR
95.07.1,INSTR
95.09.1,INSTR
95.09.2,INSTR
95.09.3,INSTR
95.11,INSTR
95.11.1,INSTR
95.12,INSTR
95.12.1,INSTR
95.13,INSTR
95.13.1,INSTR
93.02,INSTR
93.08.1,INSTR
93.08.2,INSTR
93.08.3,INSTR
93.08.4,INSTR
93.08.5,INSTR
93.08.6,INSTR
93.08.7,INSTR
93.08.8,INSTR
93.09.1,INSTR
93.09.2,INSTR
42.29.2,INSTR
42.33.2,INSTR
92.27.5,PROC
92.28.1,PROC
92.28.2,PROC
92.28.3,PROC
92.28.4,PROC
92.28.5,PROC
92.28.6,PROC
92.29.1,PROC
92.29.2,PROC
92.29.3,PROC
92.29.4,PROC
92.29.5,PROC
92.29.6,PROC
92.29.7,PROC
92.29.8,PROC
99.79.2,PROC
99.85,PROC
99.91,PROC
99.94,PROC
99.95,PROC
99.97.1,PROC
99.97.2,PROC
24.70.1,PROC
97.82,PROC
98.01,PROC
98.11,PROC
98.12,PROC
98.13,PROC
98.14,PROC
98.16,PROC
98.17,PROC
98.19,PROC
98.2,PROC
98.21,PROC
98.22,PROC
98.23,PROC
98.24,PROC
98.25,PROC
98.26,PROC
98.27,PROC
98.28,PROC
98.29,PROC
98.5,PROC
99.06.1,PROC
99.07.1,PROC
99.14.1,PROC
99.23,PROC
99.24.1,PROC
99.24.2,PROC
99.25,PROC
99.29.1,PROC
99.29.2,PROC
99.29.3,PROC
99.29.4,PROC
99.29.5,PROC
99.29.6,PROC
99.29.8,PROC
99.29.9,PROC
99.71,PROC
99.72,PROC
99.73,PROC
99.73.1,PROC
99.74,PROC
99.79.1,PROC
92.11.3,PROC
92.11.4,PROC
92.21.1,PROC
92.23.1,PROC
92.23.2,PROC
92.23.3,PROC
92.24.1,PROC
92.24.2,PROC
92.24.3,PROC
92.24.4,PROC
92.24.5,PROC
92.24.6,PROC
92.25.1,PROC
92.25.2,PROC
92.27.1,PROC
92.27.2,PROC
92.27.3,PROC
92.27.4,PROC
15,PROC
15.1,PROC
15.2,PROC
15.3,PROC
15.4,PROC
15.5,PROC
15.6,PROC
15.7,PROC
15.9,PROC
16.22,PROC
16.91,PROC
18.02,PROC
18.12,PROC
18.21,PROC
18.29,PROC
18.31,PROC
20,PROC
20.32.1,PROC
20.8,PROC
21.01,PROC
21.02,PROC
21.03,PROC
21.22,PROC
21.31,PROC
21.71,PROC
21.88,PROC
21.91,PROC
22.01,PROC
22.71,PROC
23.01,PROC
23.09,PROC
23.11,PROC
23.19,PROC
23.2,PROC
23.20.1,PROC
23.20.2,PROC
23.20.3,PROC
23.3,PROC
23.41,PROC
23.41.1,PROC
23.41.2,PROC
23.41.3,PROC
23.41.4,PROC
23.42,PROC
23.43.1,PROC
23.43.2,PROC
23.43.3,PROC
23.49.1,PROC
23.5,PROC
23.6,PROC
23.71.1,PROC
23.71.2,PROC
23.73,PROC
24.00.1,PROC
24.11,PROC
24.12,PROC
24.19.1,PROC
24.20.1,PROC
24.31,PROC
24.39.1,PROC
24.39.2,PROC
24.4,PROC
96.17,PROC
96.18,PROC
96.22,PROC
96.26,PROC
96.27,PROC
96.49,PROC
96.51,PROC
96.52,PROC
96.54.1,PROC
96.54.2,PROC
96.54.3,PROC
96.57,PROC
96.59,PROC
97.29.1,PROC
97.35,PROC
97.71,PROC
13.1,PROC
13.64,PROC
13.7,PROC
13.71,PROC
13.72,PROC
13.72.1,PROC
14.22,PROC
14.24.1,PROC
14.24.2,PROC
14.24.3,PROC
14.29.1,PROC
14.31,PROC
14.32,PROC
14.33,PROC
14.34,PROC
14.4,PROC
14.59.1,PROC
14.79.1,PROC
8.82,PROC
8.83,PROC
8.84,PROC
8.91,PROC
8.92,PROC
08.99.1,PROC
9,PROC
9.11,PROC
9.12,PROC
9.21,PROC
9.41,PROC
9.42,PROC
9.43,PROC
9.51,PROC
9.52,PROC
9.53,PROC
9.59,PROC
12.64.1,PROC
12.64.2,PROC
12.66,PROC
12.69,PROC
12.7,PROC
12.89.1,PROC
12.89.2,PROC
12.91,PROC
86.30.3,PROC
86.30.4,PROC
86.4,PROC
86.59.1,PROC
86.59.2,PROC
86.59.3,PROC
86.6,PROC
86.61,PROC
86.62,PROC
86.71,PROC
86.72,PROC
86.73,PROC
86.74,PROC
86.75,PROC
86.81,PROC
86.84,PROC
93.56.3,PROC
93.56.4,PROC
93.56.5,PROC
93.56.6,PROC
93.56.7,PROC
93.57.1,PROC
93.91,PROC
93.95,PROC
93.54.2,PROC
93.54.3,PROC
93.54.4,PROC
93.54.5,PROC
93.54.6,PROC
93.54.7,PROC
93.54.8,PROC
93.56.1,PROC
93.56.2,PROC
10.33,PROC
10.4,PROC
10.6,PROC
10.91,PROC
11.31,PROC
11.32,PROC
11.39,PROC
11.42,PROC
11.43,PROC
11.6,PROC
11.62.1,PROC
11.62.2,PROC
11.75.1,PROC
11.91,PROC
11.99.1,PROC
11.99.2,PROC
11.99.3,PROC
11.99.4,PROC
11.99.5,PROC
12.14,PROC
12.4,PROC
12.41,PROC
12.5,PROC
12.59,PROC
3.8,PROC
3.91,PROC
3.92,PROC
04.07.1,PROC
04.11.1,PROC
4.43,PROC
4.44,PROC
04.81.1,PROC
04.81.2,PROC
5.31,PROC
5.32,PROC
6.01,PROC
06.11.1,PROC
06.11.2,PROC
6.13,PROC
8.01,PROC
8.02,PROC
8.09,PROC
8.11,PROC
8.21,PROC
8.22,PROC
8.23,PROC
8.24,PROC
8.25,PROC
8.41,PROC
8.42,PROC
8.43,PROC
8.44,PROC
8.52,PROC
8.6,PROC
8.81,PROC
79.03,PROC
79.04,PROC
79.07,PROC
79.08,PROC
79.7,PROC
79.71,PROC
79.72,PROC
79.73,PROC
79.74,PROC
80.3,PROC
81.91,PROC
81.92,PROC
82.91,PROC
83.02,PROC
83.03,PROC
83.09,PROC
83.21,PROC
83.21.1,PROC
83.31,PROC
83.98,PROC
85,PROC
85.11,PROC
85.11.1,PROC
85.2,PROC
85.21,PROC
85.21.1,PROC
85.53,PROC
85.94,PROC
86.01,PROC
86.02.1,PROC
86.02.2,PROC
86.03,PROC
86.04,PROC
86.05.1,PROC
86.11,PROC
86.22,PROC
86.23,PROC
86.24,PROC
86.25,PROC
86.27,PROC
86.28,PROC
86.30.1,PROC
86.30.2,PROC
9.6,PROC
9.71,PROC
9.73,PROC
10.21,PROC
10.31,PROC
10.32,PROC
93.51,PROC
93.52,PROC
93.53,PROC
93.54.1,PROC
41.31,PROC
42.29.1,PROC
89.62,PROC
69.92.2,PROC
69.92.3,PROC
69.92.4,PROC
70.11.1,PROC
70.21,PROC
70.24,PROC
70.29.1,PROC
70.33.1,PROC
71.11,PROC
71.22,PROC
71.30.1,PROC
71.90.1,PROC
75.10.1,PROC
75.10.2,PROC
75.10.3,PROC
75.33.1,PROC
75.8,PROC
76.01,PROC
76.2,PROC
76.77,PROC
76.92.1,PROC
76.93,PROC
76.96,PROC
77.56,PROC
78.7,PROC
79,PROC
79.01,PROC
79.02,PROC
68.16.1,PROC
68.2,PROC
68.29.1,PROC
69.09,PROC
69.7,PROC
69.92,PROC
24.70.3,PROC
24.70.4,PROC
24.80.1,PROC
25.01,PROC
25.91,PROC
25.92,PROC
26,PROC
26.11,PROC
26.91,PROC
27.21,PROC
27.23,PROC
27.24,PROC
27.41,PROC
27.49.1,PROC
27.51,PROC
27.52,PROC
27.71,PROC
27.91,PROC
28.00.1,PROC
29.12,PROC
34.24,PROC
34.91,PROC
34.91.1,PROC
34.92,PROC
38.59.1,PROC
38.89,PROC
38.93,PROC
38.94,PROC
38.95,PROC
38.98,PROC
38.99.1,PROC
38.99.2,PROC
39.27.1,PROC
39.4,PROC
39.43,PROC
39.92,PROC
39.95.1,PROC
39.95.2,PROC
39.95.3,PROC
39.95.4,PROC
39.95.5,PROC
39.95.6,PROC
39.95.7,PROC
39.95.8,PROC
39.95.9,PROC
39.99.1,PROC
40.11,PROC
40.19.1,PROC
40.19.2,PROC
49.11,PROC
49.23,PROC
49.39,PROC
49.42,PROC
49.45,PROC
49.46,PROC
49.47,PROC
49.59,PROC
50.11,PROC
50.19.1,PROC
50.91,PROC
51.12,PROC
54.21,PROC
54.22,PROC
54.24,PROC
54.24.1,PROC
54.91,PROC
54.91.1,PROC
54.93,PROC
54.97,PROC
54.98.1,PROC
54.98.2,PROC
55.92,PROC
57.17,PROC
57.49.1,PROC
57.94,PROC
58.23,PROC
58.31,PROC
58.47,PROC
58.5,PROC
58.60.1,PROC
58.60.2,PROC
58.60.3,PROC
59.8,PROC
60,PROC
60.11,PROC
60.11.1,PROC
60.13,PROC
60.91,PROC
61,PROC
61.91,PROC
62.11,PROC
63.52,PROC
63.71,PROC
64,PROC
64.11,PROC
64.2,PROC
64.92.1,PROC
64.93,PROC
65.91,PROC
66.8,PROC
67.12,PROC
67.19.1,PROC
67.32,PROC
67.33,PROC
88.73.6,PROC
88.73.7,PROC
24.70.2,PROC
89.23,PROC
49.01,PROC
49.02,PROC
